학교법인,학교법인,710-9101,
학교법인,학교법인,710-9102,
학교법인,학교법인,710-9103,
비서실,비서실,710-9601,
비서실,비서실,710-9602,
비서실,비서실,710-9603,
비서실,비서실,710-9605,
비서실,비서실,710-9659,
감사실,감사실,2077-7933,
감사실,감사실,2077-7948,
감사실,감사실,2077-7272,
산학협력단,산학협력단,2077-7130,
산학협력단,산학협력단,710-9927,
산학협력단,산학협력단,2077-7996,
산학협력단,산학협력단,2077-7845,
산학협력단,산학협력단,2077-7101,
산학협력단,경영지원팀,710-9917,
산학협력단,경영지원팀,710-9738,
산학협력단,경영지원팀,2077-7848,
산학협력단,경영지원팀,2077-7458,
산학협력단,연구개발혁신팀,710-9917,
산학협력단,연구개발혁신팀,710-9290,
산학협력단,연구개발혁신팀,710-9656,
산학협력단,연구개발혁신팀,2077-7497,
산학협력단,연구관리팀,710-9064,
산학협력단,연구관리팀,710-9089,
산학협력단,연구관리팀,710-9654,
산학협력단,연구관리팀,710-9569,
산학협력단,연구관리팀,710-9916,
산학협력단,연구관리팀,710-9025,
산학협력단,연구관리팀,710-9109,
산학협력단,연구관리팀,710-9189,
산학협력단,연구관리팀,710-9972,
산학협력단,공동기기운영팀,710-9064,
산학협력단,공동기기운영팀,2077-7793,
산학협력단,공동기기운영팀,710-9627,
산학협력단,공동기기운영팀,710-9789,
산학협력단,공동기기운영팀,710-9691,
산학협력단,공동기기운영팀,710-9709,
산학협력단,공동기기운영팀,710-9617,
산학협력단,공동기기운영팀,2077-7385,
산학협력단,공동기기운영팀,2077-7488,
산학협력단,기술사업화팀,710-9210,
산학협력단,기술사업화팀,710-9635,
산학협력단,기술사업화팀,710-9753,
산학협력단,기술사업화팀,710-9299,
산학협력단,기술사업화팀,710-9675,
산학협력단,기술사업화팀,2077-7406,
산학협력단,기술사업화팀,2077-7696,
산학협력단,연구감사팀,710-9738,
산학협력단,연구감사팀,710-9290,
산학협력단,SIS 면역학연구센터,710-9416,
산학협력단,SIS 면역학연구센터,2077-7295,
산학협력단,학교기업숙명아이,710-9405,
산학협력단,교수학습센터,2077-7493,
산학협력단,교수학습센터,710-9898,
산학협력단,교수학습센터,710-9858,
산학협력단,교수학습센터,710-9971,
산학협력단,교수학습센터,2077-7605,
산학협력단,교수학습센터,710-9986,
산학협력단,교수혁신연구센터,710-9855,
산학협력단,교수혁신연구센터,710-9860,
창업지원단,창업지원단,2077-7588,
창업지원단,창업지원단,2077-7577,
창업지원단,창업보육센터,710-9687,
창업지원단,창업보육센터,710-9094,
창업지원단,앙트러프러너십센터,2077-7001,
학생군사교육단,학생군사교육단,2077-7900,
학생군사교육단,학생군사교육단,2077-7911,
학생군사교육단,학생군사교육단,2077-7912,
학생군사교육단,학생군사교육단,2077-7913,
학생군사교육단,학생군사교육단,2077-7914,
학생군사교육단,학생군사교육단,2077-7916,
학생군사교육단,학생군사교육단,2077-7917,
학생군사교육단,학생군사교육단,2077-7918,
학생군사교육단,학생군사교육단,2077-7919,
사업단,BK21플러스지원사업단,2077-7927,
사업단,프라임사업단,2077-7979,
사업단,프라임사업단,710-9092,
사업단,프라임사업단,2077-7478,
사업단,공학기초교육센터,2077-7998,
사업단,CROSS캠퍼스추진단,2077-7854,
사업단,캠퍼스타운사업단,2077-7996,
사업단,캠퍼스타운사업단,2077-7854,
사업단,캠퍼스타운사업단,711-9972,
사업단,캠퍼스타운사업단,711-9973,
기획팀,기획팀,710-9061,
기획팀,기획팀,710-9092,
기획팀,기획팀,710-9161,
기획팀,기획팀,710-9987,
기획팀,기획팀,2077-7569,
기획팀,기획팀,2077-7479,
예산팀,예산팀,710-9062,
예산팀,예산팀,710-9063,
예산팀,예산팀,710-9918,
예산팀,예산팀,710-9923,
평가실,평가실,2077-7107,
평가실,평가실,2077-7123,
평가실,평가실,2077-7480,
평가실,평가실,2077-7135,
평가실,평가실,2077-7480,
신사업기획단,신사업기획단,710-9602,
교무처,교무팀,710-9011,
교무처,교무팀,710-9012,
교무처,교무팀,710-9013,
교무처,교무팀,710-9014,
교무처,교무팀,710-9386,
교무처,교무팀,710-9960,
교무처,교무팀,2077-7011,
교무처,교무팀,72077-7089,
교무처,학사팀,710-9020,
교무처,학사팀,710-9015,
교무처,학사팀,710-9016,
교무처,학사팀,710-9017,
교무처,학사팀,710-9018,
교무처,학사팀,710-9019,
교무처,학사팀,710-9023,
교무처,학사팀,710-9026,
교무처,학사팀,710-9994,
교무처,학사팀,2077-7661,
교무처,학사팀,2077-7802,
교무처,학사팀,2077-9677,
교무처,학사팀,2077-9976,
교무처,교원양성센터,2077-7420,
교무처,교원양성센터,710-9027,
교무처,교원양성센터,2077-7353,
입학처,입학팀,2077-7798,
입학처,입학팀,2077-7448,
입학처,입학팀,710-9024,
입학처,입학팀,710-9922,
입학처,입학팀,710-9628,
입학처,입학팀,710-9990,
입학처,입학팀,710-9939,
입학처,입학팀,710-9632,
입학처,입학팀,2077-7788,
입학처,입학팀,2077-7429,
입학처,입학팀,2077-7363,
입학처,입학팀,2077-7362,
입학처,입학팀,2077-7059,
입학처,입학팀,2077-7404,
입학처,입학팀,2077-7430,
입학처,입학팀,2077-7502,
입학처,입학팀,2077-7814,
입학처,입학팀,2077-7368,
입학처,입학팀,710-9931,
입학처,입학팀,710-9932,
입학처,입학팀,710-9934,
입학처,입학팀,710-9920,
입학처,입학팀,2077-7155,
입학처,입학팀,2077-7156,
학생처,학생지원팀,710-9031,
학생처,학생지원팀,710-9032,
학생처,학생지원팀,710-9908,
학생처,학생지원팀,710-9268,
학생처,학생지원팀,710-9686,
학생처,학생지원팀,710-9034,
학생처,학생지원팀,710-9665/9933,
학생처,장학팀,710-9816,
학생처,장학팀,710-9033,
학생처,장학팀,710-9144,
학생처,장학팀,710-9811,
학생처,장학팀,710-9907,
학생처,장학팀,2077-7106,
학생처,장학팀,2077-7579,
학생처,장학팀,2077-7580,
경력개발처,경력개발팀,710-9750,
경력개발처,경력개발팀,710-9094,
경력개발처,경력개발팀,710-9036,
경력개발처,경력개발팀,710-9039,
경력개발처,경력개발팀,710-9009,
경력개발처,경력개발팀,710-9252,
경력개발처,경력개발팀,2077-7390,
경력개발처,경력개발팀,2077-7389,
경력개발처,경력개발팀,710-9306,
경력개발처,취업지원팀,710-9097,
경력개발처,취업지원팀,710-9035,
경력개발처,취업지원팀,710-9036,
경력개발처,취업지원팀,710-9099,
경력개발처,취업지원팀,710-9108,
경력개발처,취업지원팀,2077~7003,
경력개발처,취업지원팀,2077-7161,
경력개발처,취업지원팀,2077-7262,
경력개발처,취업지원팀,2077-7265,
경력개발처,현장실습지원팀,710-9218,
경력개발처,현장실습지원팀,2077-7006,
사무처,사무처장,710-9041,
사무처,사무부처장,710-9082,
사무처,총무구매팀,710-9054,
사무처,총무구매팀,710-9511,
사무처,총무구매팀,710-9055,
사무처,총무구매팀,710-9975,
사무처,총무구매팀,710-9391,
사무처,총무구매팀,710-9315,
사무처,총무구매팀,710-9286,
사무처,총무구매팀,710-9119,
사무처,총무구매팀,710-9219,
사무처,총무구매팀,2077-7235,
사무처,총무구매팀,710-9928,
사무처,총무구매팀,710-9250,
사무처,직원인사팀,710-9042,
사무처,직원인사팀,710-9043,
사무처,직원인사팀,710-9044,
사무처,직원인사팀,710-9045,
사무처,직원인사팀,710-9392,
사무처,재무회계팀,710-9046,
사무처,재무회계팀,710-9047,
사무처,재무회계팀,710-9048,
사무처,재무회계팀,710-9049,
사무처,재무회계팀,710-9641,
사무처,숙명어린이집,2077-7952,
사무처,숙명어린이집,2077-7953,
관리정보처,관리정보처장,710-9153,
관리정보처,시설관리팀,710-9053,
관리정보처,시설관리팀,710-9634,
관리정보처,시설관리팀,710-9052,
관리정보처,시설관리팀,710-9262,
관리정보처,시설관리팀,710-9804,
관리정보처,시설관리팀,710-9050,
관리정보처,시설관리팀,710-9900,
관리정보처,시설관리팀,710-9806,
관리정보처,시설관리팀,710-9706,
관리정보처,시설관리팀,2077-7613,
관리정보처,시설관리팀,710-9095,
관리정보처,시설관리팀,710-9237,
관리정보처,시설관리팀,2077-7237,
관리정보처,시설관리팀,710-0235,
관리정보처,시설관리팀,710-9236,
관리정보처,시설관리팀,710-9238,
관리정보처,시설관리팀,710-9229,
관리정보처,시설관리팀,710-9617,
관리정보처,시설관리팀,2077-7385,
관리정보처,관재팀,710-9051,
관리정보처,관재팀,710-7987,
관리정보처,관재팀,710-9038,
관리정보처,관재팀,710-9056,
관리정보처,관재팀,710-9096,
관리정보처,관재팀,710-9088,
관리정보처,관재팀,2077-7986,
관리정보처,관재팀,710-9737,
관리정보처,관재팀,710-9085,
관리정보처,관재팀,710-9202,
관리정보처,관재팀,2077-7139,
관리정보처,관재팀,2077-7138,
관리정보처,관재팀,710-9979,
관리정보처,관재팀,710-9911,
관리정보처,관재팀,710-9198,
관리정보처,관재팀,710-9240,
관리정보처,관재팀,710-9171,
관리정보처,정보통신팀,710-9085,
관리정보처,정보통신팀,710-9157,
관리정보처,정보통신팀,710-9526,
관리정보처,정보통신팀,710-9500,
관리정보처,정보통신팀,2077-7890,
관리정보처,정보통신팀,2077-7891,
관리정보처,정보통신팀,2077-7892,
관리정보처,정보통신팀,2077-7893,
대외협력처,대외협력처,710-9281,
대외협력처,발전협력팀,710-9078,
대외협력처,발전협력팀,710-9271,
대외협력처,발전협력팀,710-9272,
대외협력처,발전협력팀,710-9273,
대외협력처,발전협력팀,710-9612,
대외협력처,발전협력팀,710-9613,
대외협력처,발전협력팀,710-9369,
대외협력처,발전협력팀,710-9271,
대외협력처,발전협력팀,2077-7018,
대외협력처,발전협력팀,2077-7510,
대외협력처,발전협력팀,2077-7511,
대외협력처,발전협력팀,2077-7522,
대외협력처,홍보팀,710-9068,
대외협력처,홍보팀,710-9065,
대외협력처,홍보팀,710-9066,
대외협력처,홍보팀,710-9067,
대외협력처,홍보팀,710-9668,
대외협력처,홍보팀,2077-7804,
대외협력처,국제협력센터,710-9281,
대외협력처,국제협력센터,2077-7935,
대외협력처,국제협력센터,710-9284,
대외협력처,국제협력센터,710-9817,
대외협력처,국제협력센터,710-9928,
대외협력처,국제협력센터,710-9813,
대외협력처,국제협력센터,710-9072,
대외협력처,국제협력센터,710-9801,
대외협력처,국제협력센터,710-9385,
대외협력처,국제협력센터,2077-7936,
대외협력처,국제협력센터,2077-7426,
대외협력처,국제협력센터,710-9256,
대외협력처,국제협력센터,2077-7132,
,,,
,,,
,,,
,,,
,,,
,,,
,,,
,,,
,,,
,,,
,,,
,,,
,,,
,,,
,,,
,,,
,,,
,,,
,,,
,,,
,,,
,,,
,,,
,,,
,,,
,,,
,,,
,,,
,,,
,,,
,,,
,,,
,,,
,,,
,,,
,,,
