emulator,emulator,15555215556
총학생회,총학생회,20777117
총학생회,총학생회,20777076
총학생회,총학생회,7109213
총동문회,총동문회,7109243
총동문회,총동문회,7109390
총동문회,총동문회,7139179
문과대학,문과대학,7109301
문과대학,한국어문학부,7109302
문과대학,한국어문학부,7109308
문과대학,한국어문학부,7109783
문과대학,한국어문학부,7109942
문과대학,한국어문학부,7109305
문과대학,한국어문학부,7109344
문과대학,한국어문학부,20777844
문과대학,한국어문학부,20777821
문과대학,한국어문학부,20777529
문과대학,한국어문학부,7109310
문과대학,한국어문학부,20777310
문과대학,역사문화학과,7109364
문과대학,역사문화학과,7109365
문과대학,역사문화학과,7109359
문과대학,역사문화학과,7109366
문과대학,역사문화학과,7109357
문과대학,역사문화학과,7109360
문과대학,역사문화학과,7109363
문과대학,역사문화학과,7109361
문과대학,역사문화학과,7109367
문과대학,프랑스언어 · 문화학과,7109324
문과대학,프랑스언어 · 문화학과,7109326
문과대학,프랑스언어 · 문화학과,7109327
문과대학,프랑스언어 · 문화학과,20777420
문과대학,프랑스언어 · 문화학과,7109298
문과대학,프랑스언어 · 문화학과,7109329
문과대학,프랑스언어 · 문화학과,7109292
문과대학,중어중문학부,7109333
문과대학,중어중문학부,7109334
문과대학,중어중문학부,7109707
문과대학,중어중문학부,7109774
문과대학,중어중문학부,7109354
문과대학,중어중문학부,20777170
문과대학,중어중문학부,7109655
문과대학,중어중문학부,20777623
문과대학,중어중문학부,20777921
문과대학,중어중문학부,20777920
문과대학,중어중문학부,7109335
문과대학,중어중문학부,7109375
문과대학,독일언어 · 문화학과,7109340
문과대학,독일언어 · 문화학과,7109341
문과대학,독일언어 · 문화학과,20777415
문과대학,독일언어 · 문화학과,20777680
문과대학,독일언어 · 문화학과,7109337
문과대학,독일언어 · 문화학과,7109342
문과대학,독일언어 · 문화학과,7109291
문과대학,일본학과,7109821
문과대학,일본학과,7109314
문과대학,일본학과,7109644
문과대학,일본학과,7109192
문과대학,일본학과,20777416
문과대학,일본학과,20777463
문과대학,일본학과,20777531
문과대학,일본학과,20777883
문과대학,일본학과,7109885
문과대학,문헌정보학과,7109372
문과대학,문헌정보학과,7109883
문과대학,문헌정보학과,20777171
문과대학,문헌정보학과,20777174
문과대학,문헌정보학과,7109373
문과대학,문헌정보학과,7109919
문과대학,문헌정보학과,7109266
문과대학,문화관광학부,7109967
문과대학,문화관광학부,7109820
문과대학,문화관광학부,7109322
문과대학,문화관광학부,7109807
문과대학,문화관광학부,7109893
문과대학,문화관광학부,20777372
문과대학,문화관광학부,20777126
문과대학,문화관광학부,20777212
문과대학,문화관광학부,7109969
문과대학,문화관광학부,20777335
문과대학,교육학부,7109346
문과대학,교육학부,7109350
문과대학,교육학부,7109070
문과대학,교육학부,7109343
문과대학,교육학부,7109347
문과대학,교육학부,7109348
문과대학,교육학부,7109589
문과대학,교육학부,7109387
문과대학,교육학부,20777600
문과대학,교육학부,20777460
문과대학,교육학부,20777461
문과대학,교육학부,20777462
문과대학,교육학부,20777590
문과대학,교육학부,20777317
이과대학,이과대학,7109401
이과대학,화학과,7109412
이과대학,화학과,7109399
이과대학,화학과,7109408
이과대학,화학과,7109410
이과대학,화학과,7109409
이과대학,화학과,20777464
이과대학,화학과,20777549
이과대학,화학과,20777806
이과대학,화학과,20777808
이과대학,화학과,20777815
이과대학,화학과,20777829
이과대학,화학과,7109413
이과대학,생명시스템학부,7109418
이과대학,생명시스템학부,7109396
이과대학,생명시스템학부,7109414
이과대학,생명시스템학부,7109510
이과대학,생명시스템학부,7109330
이과대학,생명시스템학부,20777172
이과대학,생명시스템학부,7109560
이과대학,생명시스템학부,7109590
이과대학,생명시스템학부,7109415
이과대학,생명시스템학부,7109768
이과대학,생명시스템학부,20777626
이과대학,생명시스템학부,7109553
이과대학,생명시스템학부,7109552
이과대학,생명시스템학부,20777836
이과대학,생명시스템학부,20777882
이과대학,생명시스템학부,7109419
이과대학,생명시스템학부,7109199
이과대학,생명시스템학부,20777258
이과대학,생명시스템학부,20777268
이과대학,수학과,7109382
이과대학,수학과,7109772
이과대학,수학과,7109846
이과대학,수학과,20777465
이과대학,수학과,20777625
이과대학,수학과,20777682
이과대학,수학과,20777810
이과대학,수학과,20777379
이과대학,수학과,7109425
이과대학,수학과,7109702
이과대학,통계학과,7109433
이과대학,통계학과,7109434
이과대학,통계학과,7109435
이과대학,통계학과,7109622
이과대학,통계학과,7109436
이과대학,통계학과,20777173
이과대학,통계학과,20777558
이과대학,통계학과,20777127
이과대학,통계학과,20777695
이과대학,통계학과,7109437
이과대학,통계학과,20777074
이과대학,체육교육과,7109440
이과대학,체육교육과,7109442
이과대학,체육교육과,7109770
이과대학,체육교육과,20777175
이과대학,체육교육과,7109847
이과대학,체육교육과,7109851
이과대학,체육교육과,7109840
이과대학,체육교육과,7109444
이과대학,체육교육과,63253127
이과대학,무용과,7109448
이과대학,무용과,7109447
이과대학,무용과,7109282
이과대학,무용과,7109450
이과대학,무용과,63253124
공과대학,공과대학,20777451
공과대학,공과대학,20777809
공과대학,교학팀,20777813
공과대학,교학팀,20777442
공과대학,화공생명공학부,20777627
공과대학,화공생명공학부,20777236
공과대학,화공생명공학부,20777353
공과대학,화공생명공학부,20777441
공과대학,화공생명공학부,20777383
공과대학,화공생명공학부,20777398
공과대학,화공생명공학부,20777384
공과대학,화공생명공학부,20777401
공과대학,화공생명공학부,20777469
공과대학,IT공학전공,7109771
공과대학,IT공학전공,7109204
공과대학,IT공학전공,7109424
공과대학,IT공학전공,7109952
공과대학,IT공학전공,20777297
공과대학,IT공학전공,20777293
공과대학,IT공학전공,20777304
공과대학,IT공학전공,20777305
공과대학,IT공학전공,7109379
공과대학,IT공학전공,7109193
공과대학,전자공학전공,20777865
공과대학,전자공학전공,20777860
공과대학,응용물리전공,7109406
공과대학,응용물리전공,7109402
공과대학,응용물리전공,7109403
공과대학,응용물리전공,7109239
공과대학,응용물리전공,20777374
공과대학,응용물리전공,20777077
공과대학,응용물리전공,20777828
공과대학,응용물리전공,20777859
공과대학,응용물리전공,7109407
공과대학,소프트웨어학부,7109427
공과대학,소프트웨어학부,7109429
공과대학,소프트웨어학부,7109430
공과대학,소프트웨어학부,7109445
공과대학,소프트웨어학부,7109378
공과대학,소프트웨어학부,7109762
공과대학,소프트웨어학부,7109763
공과대학,소프트웨어학부,7109643
공과대학,소프트웨어학부,7109664
공과대학,소프트웨어학부,7109831
공과대학,소프트웨어학부,20777584
공과대학,소프트웨어학부,20777583
공과대학,소프트웨어학부,20777326
공과대학,소프트웨어학부,20777414
공과대학,소프트웨어학부,20777611
공과대학,소프트웨어학부,7109431
공과대학,소프트웨어학부,7109295
공과대학,기계시스템학부,20777866
공과대학,기계시스템학부,20777872
공과대학,기계시스템학부,20777862
공과대학,기계시스템학부,20777431
공과대학,기초공학부,7109403
공과대학,기초공학부,20777855
생활과학대학,생활과학대학,7109451
생활과학대학,가족자원경영학과,7109455
생활과학대학,가족자원경영학과,7109456
생활과학대학,가족자원경영학과,7109805
생활과학대학,가족자원경영학과,20777902
생활과학대학,가족자원경영학과,7109457
생활과학대학,가족자원경영학과,20777165
생활과학대학,가족자원경영학과,20777178
생활과학대학,아동복지학부,7109478
생활과학대학,아동복지학부,7109639
생활과학대학,아동복지학부,20777176
생활과학대학,아동복지학부,7109834
생활과학대학,아동복지학부,7109835
생활과학대학,아동복지학부,20777689
생활과학대학,아동복지학부,20777555
생활과학대학,아동복지학부,20777128
생활과학대학,아동복지학부,20777102
생활과학대학,아동복지학부,7109477
생활과학대학,아동복지학부,7109159
생활과학대학,의류학과,7109857
생활과학대학,의류학과,20777591
생활과학대학,의류학과,20777129
생활과학대학,의류학과,20777121
생활과학대학,의류학과,7109463
생활과학대학,식품영양학과,7109469
생활과학대학,식품영양학과,7109395
생활과학대학,식품영양학과,7109764
생활과학대학,식품영양학과,7109467
생활과학대학,식품영양학과,20777585
생활과학대학,식품영양학과,20777241
생활과학대학,식품영양학과,20777722
생활과학대학,식품영양학과,7109470
사회과학대학,사회과학대학,7109481
사회과학대학,정치외교학과,7109487
사회과학대학,정치외교학과,7109482
사회과학대학,정치외교학과,7109483
사회과학대학,정치외교학과,7109484
사회과학대학,정치외교학과,20777375
사회과학대학,정치외교학과,20777683
사회과학대학,정치외교학과,7109488
사회과학대학,행정학과,7109497
사회과학대학,행정학과,7109498
사회과학대학,행정학과,7109493
사회과학대학,행정학과,20777466
사회과학대학,행정학과,20777903
사회과학대학,행정학과,7109499
사회과학대학,홍보광고학과,7109766
사회과학대학,홍보광고학과,7109782
사회과학대학,홍보광고학과,7109736
사회과학대학,홍보광고학과,7109739
사회과학대학,홍보광고학과,7109377
사회과학대학,홍보광고학과,7109466
사회과학대학,홍보광고학과,20777122
사회과학대학,홍보광고학과,7109734
사회과학대학,홍보광고학과,20777075
사회과학대학,홍보광고학과,20777151
사회과학대학,소비자경제학과,7109520
사회과학대학,소비자경제학과,20777904
사회과학대학,소비자경제학과,20777958
사회과학대학,소비자경제학과,20777818
사회과학대학,소비자경제학과,7109525
사회과학대학,사회심리학과,7109930
사회과학대학,사회심리학과,20777684
사회과학대학,사회심리학과,20777832
사회과학대학,사회심리학과,20777621
사회과학대학,사회심리학과,20777607
사회과학대학,사회심리학과,20777667
법과대학,법학부,20777777
법과대학,법학부,7109492
법과대학,법학부,7109304
법과대학,법학부,7109313
법과대학,법학부,7109913
법과대학,법학부,7109824
법과대학,법학부,7109935
법과대학,법학부,7109936
법과대학,법학부,20777167
법과대학,법학부,20777091
법과대학,법학부,20777093
법과대학,법학부,20777095
법과대학,법학부,20777118
법과대학,법학부,20777119
법과대학,법학부,20777336
법과대학,법학부,20777338
법과대학,법학부,20777339
법과대학,법학부,20777340
법과대학,법학부,20777467
법과대학,법학부,20777905
법과대학,법학부,20777906
법과대학,법학부,7109494
법과대학,법학부,7109597
법과대학,법학부,20777092
경상대학,경상대학,7109501
경상대학,경제학부,7109505
경상대학,경제학부,7109516
경상대학,경제학부,1709506
경상대학,경제학부,7109518 
경상대학,경제학부,7109523
경상대학,경제학부,7109529
경상대학,경제학부,7109480
경상대학,경제학부,7109502
경상대학,경제학부,7109503 
경상대학,경제학부,20777685 
경상대학,경제학부,20777557 
경상대학,경제학부,20777495 
경상대학,경제학부,7109507
경상대학,경영학부,7109508
경상대학,경영학부,7109621
경상대학,경영학부,7109522
경상대학,경영학부,7109512
경상대학,경영학부,7109781
경상대학,경영학부,7109773
경상대학,경영학부,7109887
경상대학,경영학부,7109964
경상대학,경영학부,7109965
경상대학,경영학부,20777495
경상대학,경영학부,7109946
경상대학,경영학부,20777177
경상대학,경영학부,7109836
경상대학,경영학부,20777298
경상대학,경영학부,7109957
경상대학,경영학부,7109973
경상대학,경영학부,20777378
경상대학,경영학부,20777382
경상대학,경영학부,20777418
경상대학,경영학부,20777419
경상대학,경영학부,20777468
경상대학,경영학부,20777628
경상대학,경영학부,20777687
경상대학,경영학부,20777907
경상대학,경영학부,20777523
경상대학,경영학부,20777559
경상대학,경영학부,20777592
경상대학,경영학부,7109513
경상대학,경영학부,7109519
경상대학,경영학부,7109528
음악대학,음악대학,7109531
음악대학,음악대학,7109663
음악대학,피아노과,7109538 
음악대학,피아노과,7109539
음악대학,피아노과,7109540
음악대학,피아노과,7109535
음악대학,피아노과,7109978
음악대학,피아노과,7109984
음악대학,피아노과,7109514
음악대학,피아노과,20777673
음악대학,피아노과,7109534
음악대학,관현악과,7109543
음악대학,관현악과,7109544
음악대학,관현악과,7109545
음악대학,관현악과,7109542
음악대학,관현악과,7109550
음악대학,관현악과,20777169
음악대학,관현악과,20777834
음악대학,관현악과,7109559
음악대학,성악과,7109551
음악대학,성악과,7109570
음악대학,성악과,20777346
음악대학,성악과,7109533
음악대학,작곡과,7109708
음악대학,작곡과,20777124
음악대학,작곡과,20777823
음악대학,작곡과,7109532
음악대학,작곡과,20777168
음악대학,작곡과,7109652
음악대학,작곡과,7109669
음악대학,작곡과,7109663
음악대학,작곡과,7109206
음악대학,작곡과,20777484
약학대학,학장,7109676
약학대학,교학팀,20777113
약학대학,교학팀,20777619
약학대학,교학팀,20779576
약학대학,약학부,7109567
약학대학,약학부,7109575
약학대학,약학부,7109568
약학대학,약학부,7109562
약학대학,약학부,7109580
약학대학,약학부,7109563
약학대학,약학부,7109574
약학대학,약학부,7109571
약학대학,약학부,7109572
약학대학,약학부,20777179
약학대학,약학부,20777231
약학대학,약학부,20777587
약학대학,약학부,20777586
약학대학,약학부,20777629
약학대학,약학부,20777688
약학대학,약학부,20777606
약학대학,약학부,20777961
미술대학,미술대학,7109581
미술대학,시각영상디자인과,7109524
미술대학,시각영상디자인과,7109688
미술대학,시각영상디자인과,7109678
미술대학,시각영상디자인과,20777493
미술대학,시각영상디자인과,20777057
미술대학,시각영상디자인과,7109958
미술대학,산업디자인과,7109599
미술대학,산업디자인과,7109595
미술대학,산업디자인과,20777381
미술대학,산업디자인과,20777364
미술대학,산업디자인과,7109582
미술대학,환경디자인과,7109775
미술대학,환경디자인과,7109968
미술대학,환경디자인과,7109754
미술대학,환경디자인과,20777908
미술대학,환경디자인과,7109758
미술대학,환경디자인과,7109393
미술대학,환경디자인과,7109749
미술대학,환경디자인과,7109257
미술대학,공예과,7109591
미술대학,공예과,7109795
미술대학,공예과,7109996
미술대학,공예과,20777926
미술대학,공예과,7109583
미술대학,공예과,7109594
미술대학,회화과,7109394
미술대학,회화과,7109297
미술대학,회화과,20777180
미술대학,회화과,20777630
미술대학,회화과,7109959
미술대학,회화과,7109658
미술대학,회화과,7109718 
글로벌서비스학부,글로벌협력전공,20777772
글로벌서비스학부,글로벌협력전공,20777765
글로벌서비스학부,글로벌협력전공,20777542
글로벌서비스학부,글로벌협력전공,20777496
글로벌서비스학부,앙트러프러너십전공,20777494
글로벌서비스학부,앙트러프러너십전공,20777001
글로벌서비스학부,앙트러프러너십전공,20777588
글로벌서비스학부,앙트러프러너십전공,20777578
영어영문학부 ,영어영문학부 ,7109317
영어영문학부 ,영어영문학부 ,7109318
영어영문학부 ,영어영문학부 ,7109319
영어영문학부 ,영어영문학부 ,7109311
영어영문학부 ,영어영문학부 ,7109398
영어영문학부 ,영어영문학부 ,7109320
영어영문학부 ,영어영문학부 ,7109760
영어영문학부 ,영어영문학부 ,7109962
영어영문학부 ,영어영문학부 ,7109195
영어영문학부 ,영어영문학부 ,7109823
영어영문학부 ,영어영문학부 ,7109845
영어영문학부 ,영어영문학부 ,7109362
영어영문학부 ,영어영문학부 ,7109332
영어영문학부 ,영어영문학부 ,20777377
영어영문학부 ,영어영문학부 ,20777459
영어영문학부 ,영어영문학부 ,20777251
영어영문학부 ,영어영문학부 ,20777656
영어영문학부 ,영어영문학부 ,20777639
영어영문학부 ,영어영문학부 ,20777805
영어영문학부 ,영어영문학부 ,7109321
영어영문학부 ,영어영문학부 ,7109376
미디어학부,미디어학부,7109381
미디어학부,미디어학부,7109765
미디어학부,미디어학부,7109881
미디어학부,미디어학부,7109383
미디어학부,미디어학부,7109925
미디어학부,미디어학부,7109642
미디어학부,미디어학부,7109876
미디어학부,미디어학부,20777376
미디어학부,미디어학부,20777373
미디어학부,미디어학부,20777543
미디어학부,미디어학부,7109293
미디어학부,미디어학부,7109841 
미디어학부,미디어학부,7109259
기초교양대학,기초교양대학,20777600 
기초교양대학,기초교양학부장,7107628
기초교양대학,융합학부장,7109851
기초교양대학,교학팀,20777508 
기초교양대학,교학팀,20777509
기초교양대학,교학팀,20777511
기초교양대학,교학팀,20777512
기초교양대학,교학팀,20777513
기초교양대학,교학팀,20777515
기초교양대학,교학팀,7109541 
기초교양대학,영어교필 지원 사무실,7109356
기초교양대학,기타교필 지원 사무실,20777601
기초교양대학,기타교필 지원 사무실,7109254
기초교양대학,English Lounge,20777456
기초교양대학,MATE,7109890
기초교양대학,기초교양학부,20777407 
기초교양대학,기초교양학부,20777631
기초교양대학,기초교양학부,20777345 
기초교양대학,기초교양학부,7109661 
기초교양대학,기초교양학부,7109899 
기초교양대학,기초교양학부,20777248
기초교양대학,기초교양학부,20777266
기초교양대학,기초교양학부,7109732 
기초교양대학,기초교양학부,7109879 
기초교양대학,기초교양학부,7109464 
기초교양대학,기초교양학부,20777403
기초교양대학,기초교양학부,7109610 
기초교양대학,기초교양학부,7109733 
기초교양대학,기초교양학부,7109388
기초교양대학,기초교양학부,20777767
기초교양대학,기초교양학부,7109825
기초교양대학,기초교양학부,20777550 
기초교양대학,기초교양학부,7109822 
기초교양대학,기초교양학부,20777563 
기초교양대학,기초교양학부,20777562 
기초교양대학,기초교양학부,20777564 
기초교양대학,기초교양학부,20777299 
기초교양대학,기초교양학부,20777598 
기초교양대학,기초교양학부,20777599 
기초교양대학,기초교양학부,20777634 
기초교양대학,기초교양학부,20777693
기초교양대학,기초교양학부,7109697 
기초교양대학,기초교양학부,20777640 
기초교양대학,기초교양학부,7109829 
기초교양대학,기초교양학부,7109829 
기초교양대학,기초교양학부,7109830 
기초교양대학,기초교양학부,7109833 
기초교양대학,기초교양학부,20777483
기초교양대학,기초교양학부,7109832 
기초교양대학,기초교양학부,20777567
기초교양대학,기초교양학부,7109830 
기초교양대학,기초교양학부,20777653 
기초교양대학,기초교양학부,7109780 
기초교양대학,기초교양학부,20777640
기초교양대학,기초교양학부,20777655
기초교양대학,기초교양학부,20777654
기초교양대학,기초교양학부,20777655
기초교양대학,기초교양학부,7109093
기초교양대학,기초교양학부,20777567
기초교양대학,기초교양학부,7109832 
기초교양대학,기초교양학부,20777483 
기초교양대학,기초교양학부,7109093
부속기관,도서관,7109111
부속기관,도서관,7109001
부속기관,도서관,7109112
부속기관,도서관,7109117
부속기관,도서관,7109118
부속기관,도서관,7109121
부속기관,도서관,7109123
부속기관,도서관,7109125
부속기관,도서관,7109124
부속기관,도서관,7109784
부속기관,도서관,7109120
부속기관,도서관,7109710
부속기관,도서관,7109130
부속기관,도서관,7109954
부속기관,도서관,20777598
부속기관,도서관,7109131
부속기관,도서관,7109149
부속기관,도서관,7109127
부속기관,도서관,7109128
부속기관,도서관,7109129
부속기관,도서관,7109132
부속기관,도서관,7109785
부속기관,도서관,7109798
부속기관,도서관,20777092
부속기관,도서관,7109546
부속기관,숙명문화원,20777211
부속기관,숙명문화원,20777208
부속기관,숙명문화원,7109134
부속기관,숙명문화원,20777207
부속기관,숙명문화원,20777208
부속기관,숙명문화원,20777209
부속기관,숙명문화원,20777210
부속기관,숙명문화원,20777211
부속기관,숙명문화원,20777498
부속기관,숙명문화원,20777499
부속기관,숙명문화원,7109133
부속기관,숙명문화원,7109251
부속기관,숙명문화원,7109280
부속기관,숙명문화원,20777052
부속교육기관,글로벌사회교육원,7109138
부속교육기관,평생교육원,7109138
부속교육기관,평생교육원,7109188
부속교육기관,평생교육원,7109139
부속교육기관,평생교육원,7109140
부속교육기관,평생교육원,7109141
부속교육기관,평생교육원,7109803
부속교육기관,평생교육원,7109856
부속교육기관,평생교육원,7109934
부속교육기관,평생교육원,20777163
부속교육기관,평생교육원,20777164
부속교육기관,평생교육원,20019100
부속교육기관,평생교육원,20019106
부속교육기관,평생교육원,20019107
부속교육기관,평생교육원,20019108
부속교육기관,국제언어문화교육원(LinguaExpress),7109164
부속교육기관,국제언어문화교육원(LinguaExpress),7109165
부속교육기관,국제언어문화교육원(LinguaExpress),7109662
부속교육기관,국제언어문화교육원(LinguaExpress),7109818
부속교육기관,국제언어문화교육원(LinguaExpress),20777410
부속교육기관,국제언어문화교육원(LinguaExpress),7109624
부속교육기관,한국음식연구교육원,20777544
부속교육기관,한국음식연구교육원,7109767
부속교육기관,한국음식연구교육원,7109970
부속교육기관,한국음식연구교육원,20777471
부속교육기관,한국음식연구교육원,20777476
부속교육기관,르꼬르동블루숙명아카데미교학팀,7109138
부속교육기관,르꼬르동블루숙명아카데미교학팀,7197567
부속교육기관,르꼬르동블루숙명아카데미교학팀,7196961
부속교육기관,르꼬르동블루숙명아카데미교학팀,7196962
부속교육기관,르꼬르동블루숙명아카데미교학팀,7196963
부속교육기관,르꼬르동블루숙명아카데미교학팀,7109940
부속교육기관,르꼬르동블루숙명아카데미교학팀,7109941
부속교육기관,르꼬르동블루숙명아카데미교학팀,7199749
부속교육기관,르꼬르동블루숙명아카데미교학팀,20777617
부설기관,장애학생지원센터,7109031
부설기관,장애학생지원센터,7109163
부설기관,장애학생지원센터,20777099
부설기관,기숙사 사무실,7109135
부설기관,기숙사 사무실,7109136
부설기관,기숙사 사무실,20777424
부설기관,기숙사 사무실,20777425
부설기관,기숙사 사무실,7109137
부설기관,기숙사 사무실,2077742
부설기관,기숙사 사무실,7011196
부설기관,기숙사 사무실,63253100
부설기관,기숙사 사무실,63253102
부설기관,기숙사 사무실,63253103
부설기관,기숙사 사무실,63253104
부설기관,기숙사 사무실,63253199
부설기관,기숙사 사무실,63253106
부설기관,보건의료센터,7109145
부설기관,보건의료센터,7109143
부설기관,보건의료센터,7109146
부설기관,보건의료센터,7109147
부설기관,보건의료센터,7109143
부설기관,보건의료센터,7109146
부설기관,학생생활상담소,7109173
부설기관,학생생활상담소,7109175
부설기관,학생생활상담소,7109631
부설기관,성평등상담소,7109938
부설기관,성평등상담소,7109873
부설기관,성평등상담소,7109021
부설기관,미디어센터,7109170
부설기관,미디어센터,7109160
부설기관,미디어센터,7109168
부설기관,미디어센터,7109674
부설기관,미디어센터,20777408
부설기관,미디어센터,7109169
부설기관,미디어센터,20777150
부설기관,숙대신보사,7109150
부설기관,숙대신보사,7109150
부설기관,숙대신보사,7109151
부설기관,숙대신보사,7109152
부설기관,숙대신보사,7109721
부설기관,숙대신보사,7109722
부설기관,IPP센터,20777669
부설기관,IPP센터,20777932
부설기관,IPP센터,20777615
부설기관,IPP센터,20777662
부설기관,IPP센터,20777612
부설기관,IPP센터,20777560
부설기관,IPP센터,20777541
부설기관,IPP센터,20777659
부설기관,IPP센터,7109420
부설기관,대학창조일자리센터,20777136
부설기관,대학창조일자리센터,20777115
부설기관,대학창조일자리센터,20777116
부설기관,대학창조일자리센터,20777131
부설기관,대학창조일자리센터,20777134
부설기관,대학창조일자리센터,20777141
부설기관,대학창조일자리센터,20777105
부설기관,대학창조일자리센터,20777112
부설기관,아태여성정보통신원,7109894
부설기관,아태여성정보통신원,7109956
부설기관,아태여성정보통신원,20777291
부설기관,아태여성정보통신원,20777292
부설기관,아태여성정보통신원,7109895
부설기관,아태여성정보통신원,7109896
부설기관,아태여성정보통신원,20777249
부설기관,아태여성정보통신원,20777294
부설기관,아태여성정보통신원,7109689
부설기관,아태여성정보통신원,20777162
부설기관,숙명삼성소프트웨어사업단,20777273
부설기관,기후환경통합모형센터,20777083
부설기관,기후환경통합모형센터,20777664
연구기관,아시아여성연구원,63253150
연구기관,아시아여성연구원,63253152
연구기관,아시아여성연구원,63253154
연구기관,아시아여성연구원,63253155
연구기관,아시아여성연구원,63253156
연구기관,아시아여성연구원,7109728
연구기관,아시아여성연구원,7109727
연구기관,아시아여성연구원,7109184
연구기관,아시아여성연구원,20777838
연구기관,아시아여성연구원,7109729
연구기관,의약정보연구소,7109575
연구기관,의약정보연구소,7109260
연구기관,의약정보연구소,7109263
연구기관,의약정보연구소,7109690
연구기관,의약정보연구소,7109696
연구기관,의약정보연구소,7109694
연구기관,의약정보연구소,63951215
연구기관,아동연구소,7109724
연구기관,아동연구소,7109787
연구기관,아동연구소,7109155
연구기관,아동연구소,7109158
연구기관,아동연구소,7109205
연구기관,아동연구소,7109977
연구기관,아동연구소,7109269
연구기관,아동연구소,20777334
연구기관,아동연구소,20777152
연구기관,여성건강연구소,20777399
연구기관,여성건강연구소,7109414
연구기관,여성건강연구소,20777399
연구기관,여성건강연구소,20777359
연구기관,글로벌거버넌스연구소,63253111
연구기관,ICT융합연구소,7109717
연구기관,교양교육연구소,20777846
연구기관,인문학연구소,7109320
연구기관,인문학연구소,20777910
연구기관,인문학연구소,20777889
연구기관,첨단소재시스템연구소,20777957
연구기관,다문화통합연구센터,20777683
연구기관,다문화통합연구센터,63253145
연구기관,세포운명조절연구센터,20777867
연구기관,세포운명조절연구센터,20777868
연구기관,건강생활과학연구센터,7109414
연구기관,바이오시스템의약센터,7109415
연구기관,분자의학연구센터,7109414
연구기관,이질성기반세포적응연구센터(SRC),7109418
연구기관,이질성기반세포적응연구센터(SRC),20777256
연구기관,과기정통부 포스트게놈사업 연구단,7109414
연구기관,과기정통부 포스트게놈사업 연구단,7109649
연구기관,과기정통부 포스트게놈사업 연구단,7109645
연구기관,과기정통부 포스트게놈사업 연구단,7109640
연구기관,특성화연구센터,20777360
연구기관,글로벌인적자원개발센터,20777496
연구기관,글로벌인적자원개발센터,63253118
연구기관,국제평화협력센터,20777542
연구기관,국제평화협력센터,63253196
연구기관,안보학연구소,7109331
시설,건강체력단련실 ,7109647
시설,TESOL행정실 ,20777700
시설,TESOL행정실 ,20777701
시설,TESOL행정실 ,20777702
시설,TESOL행정실 ,20777703
시설,TESOL행정실 ,20777704
시설,TESOL행정실 ,20777705
시설,TESOL행정실 ,20777706
시설,TESOL행정실 ,20777707
시설,TESOL행정실 ,20777708
시설,TESOL행정실 ,20777709
학교법인,학교법인,7109101
학교법인,학교법인,7109102
학교법인,학교법인,7109103
비서실,비서실,7109601
비서실,비서실,7109602
비서실,비서실,7109603
비서실,비서실,7109605
비서실,비서실,7109659
감사실,감사실,20777933
감사실,감사실,20777948
감사실,감사실,20777272
산학협력단,산학협력단,20777130
산학협력단,산학협력단,7109927
산학협력단,산학협력단,20777996
산학협력단,산학협력단,20777845
산학협력단,산학협력단,20777101
산학협력단,경영지원팀,7109917
산학협력단,경영지원팀,7109738
산학협력단,경영지원팀,20777848
산학협력단,경영지원팀,20777458
산학협력단,연구개발혁신팀,7109917
산학협력단,연구개발혁신팀,7109290
산학협력단,연구개발혁신팀,7109656
산학협력단,연구개발혁신팀,20777497
산학협력단,연구관리팀,7109064
산학협력단,연구관리팀,7109089
산학협력단,연구관리팀,7109654
산학협력단,연구관리팀,7109569
산학협력단,연구관리팀,7109916
산학협력단,연구관리팀,7109025
산학협력단,연구관리팀,7109109
산학협력단,연구관리팀,7109189
산학협력단,연구관리팀,7109972
산학협력단,공동기기운영팀,7109064
산학협력단,공동기기운영팀,20777793
산학협력단,공동기기운영팀,7109627
산학협력단,공동기기운영팀,7109789
산학협력단,공동기기운영팀,7109691
산학협력단,공동기기운영팀,7109709
산학협력단,공동기기운영팀,7109617
산학협력단,공동기기운영팀,20777385
산학협력단,공동기기운영팀,20777488
산학협력단,기술사업화팀,7109210
산학협력단,기술사업화팀,7109635
산학협력단,기술사업화팀,7109753
산학협력단,기술사업화팀,7109299
산학협력단,기술사업화팀,7109675
산학협력단,기술사업화팀,20777406
산학협력단,기술사업화팀,20777696
산학협력단,연구감사팀,7109738
산학협력단,연구감사팀,7109290
산학협력단,SIS 면역학연구센터,7109416
산학협력단,SIS 면역학연구센터,20777295
산학협력단,학교기업숙명아이,7109405
산학협력단,교수학습센터,20777493
산학협력단,교수학습센터,7109898
산학협력단,교수학습센터,7109858
산학협력단,교수학습센터,7109971
산학협력단,교수학습센터,20777605
산학협력단,교수학습센터,7109986
산학협력단,교수혁신연구센터,7109855
산학협력단,교수혁신연구센터,7109860
창업지원단,창업지원단,20777588
창업지원단,창업지원단,20777577
창업지원단,창업보육센터,7109687
창업지원단,창업보육센터,7109094
창업지원단,앙트러프러너십센터,20777001
학생군사교육단,학생군사교육단,20777900
학생군사교육단,학생군사교육단,20777911
학생군사교육단,학생군사교육단,20777912
학생군사교육단,학생군사교육단,20777913
학생군사교육단,학생군사교육단,20777914
학생군사교육단,학생군사교육단,20777916
학생군사교육단,학생군사교육단,20777917
학생군사교육단,학생군사교육단,20777918
학생군사교육단,학생군사교육단,20777919
사업단,BK21플러스지원사업단,20777927
사업단,프라임사업단,20777979
사업단,프라임사업단,7109092
사업단,프라임사업단,20777478
사업단,공학기초교육센터,20777998
사업단,CROSS캠퍼스추진단,20777854
사업단,캠퍼스타운사업단,20777996
사업단,캠퍼스타운사업단,20777854
사업단,캠퍼스타운사업단,7119972
사업단,캠퍼스타운사업단,7119973
기획팀,기획팀,7109061
기획팀,기획팀,7109092
기획팀,기획팀,7109161
기획팀,기획팀,7109987
기획팀,기획팀,20777569
기획팀,기획팀,20777479
예산팀,예산팀,7109062
예산팀,예산팀,7109063
예산팀,예산팀,7109918
예산팀,예산팀,7109923
평가실,평가실,20777107
평가실,평가실,20777123
평가실,평가실,20777480
평가실,평가실,20777135
평가실,평가실,20777480
신사업기획단,신사업기획단,7109602
교무처,교무팀,7109011
교무처,교무팀,7109012
교무처,교무팀,7109013
교무처,교무팀,7109014
교무처,교무팀,7109386
교무처,교무팀,7109960
교무처,교무팀,20777011
교무처,교무팀,720777089
교무처,학사팀,7109020
교무처,학사팀,7109015
교무처,학사팀,7109016
교무처,학사팀,7109017
교무처,학사팀,7109018
교무처,학사팀,7109019
교무처,학사팀,7109023
교무처,학사팀,7109026
교무처,학사팀,7109994
교무처,학사팀,20777661
교무처,학사팀,20777802
교무처,학사팀,20779677
교무처,학사팀,20779976
교무처,교원양성센터,20777420
교무처,교원양성센터,7109027
교무처,교원양성센터,20777353
입학처,입학팀,20777798
입학처,입학팀,20777448
입학처,입학팀,7109024
입학처,입학팀,7109922
입학처,입학팀,7109628
입학처,입학팀,7109990
입학처,입학팀,7109939
입학처,입학팀,7109632
입학처,입학팀,20777788
입학처,입학팀,20777429
입학처,입학팀,20777363
입학처,입학팀,20777362
입학처,입학팀,20777059
입학처,입학팀,20777404
입학처,입학팀,20777430
입학처,입학팀,20777502
입학처,입학팀,20777814
입학처,입학팀,20777368
입학처,입학팀,7109931
입학처,입학팀,7109932
입학처,입학팀,7109934
입학처,입학팀,7109920
입학처,입학팀,20777155
입학처,입학팀,20777156
학생처,학생지원팀,7109031
학생처,학생지원팀,7109032
학생처,학생지원팀,7109908
학생처,학생지원팀,7109268
학생처,학생지원팀,7109686
학생처,학생지원팀,7109034
학생처,학생지원팀,7109665/9933
학생처,장학팀,7109816
학생처,장학팀,7109033
학생처,장학팀,7109144
학생처,장학팀,7109811
학생처,장학팀,7109907
학생처,장학팀,20777106
학생처,장학팀,20777579
학생처,장학팀,20777580
경력개발처,경력개발팀,7109750
경력개발처,경력개발팀,7109094
경력개발처,경력개발팀,7109036
경력개발처,경력개발팀,7109039
경력개발처,경력개발팀,7109009
경력개발처,경력개발팀,7109252
경력개발처,경력개발팀,20777390
경력개발처,경력개발팀,20777389
경력개발처,경력개발팀,7109306
경력개발처,취업지원팀,7109097
경력개발처,취업지원팀,7109035
경력개발처,취업지원팀,7109036
경력개발처,취업지원팀,7109099
경력개발처,취업지원팀,7109108
경력개발처,취업지원팀,2077~7003
경력개발처,취업지원팀,20777161
경력개발처,취업지원팀,20777262
경력개발처,취업지원팀,20777265
경력개발처,현장실습지원팀,7109218
경력개발처,현장실습지원팀,20777006
사무처,사무처장,7109041
사무처,사무부처장,7109082
사무처,총무구매팀,7109054
사무처,총무구매팀,7109511
사무처,총무구매팀,7109055
사무처,총무구매팀,7109975
사무처,총무구매팀,7109391
사무처,총무구매팀,7109315
사무처,총무구매팀,7109286
사무처,총무구매팀,7109119
사무처,총무구매팀,7109219
사무처,총무구매팀,20777235
사무처,총무구매팀,7109928
사무처,총무구매팀,7109250
사무처,직원인사팀,7109042
사무처,직원인사팀,7109043
사무처,직원인사팀,7109044
사무처,직원인사팀,7109045
사무처,직원인사팀,7109392
사무처,재무회계팀,7109046
사무처,재무회계팀,7109047
사무처,재무회계팀,7109048
사무처,재무회계팀,7109049
사무처,재무회계팀,7109641
사무처,숙명어린이집,20777952
사무처,숙명어린이집,20777953
관리정보처,관리정보처장,7109153
관리정보처,시설관리팀,7109053
관리정보처,시설관리팀,7109634
관리정보처,시설관리팀,7109052
관리정보처,시설관리팀,7109262
관리정보처,시설관리팀,7109804
관리정보처,시설관리팀,7109050
관리정보처,시설관리팀,7109900
관리정보처,시설관리팀,7109806
관리정보처,시설관리팀,7109706
관리정보처,시설관리팀,20777613
관리정보처,시설관리팀,7109095
관리정보처,시설관리팀,7109237
관리정보처,시설관리팀,20777237
관리정보처,시설관리팀,7100235
관리정보처,시설관리팀,7109236
관리정보처,시설관리팀,7109238
관리정보처,시설관리팀,7109229
관리정보처,시설관리팀,7109617
관리정보처,시설관리팀,20777385
관리정보처,관재팀,7109051
관리정보처,관재팀,7107987
관리정보처,관재팀,7109038
관리정보처,관재팀,7109056
관리정보처,관재팀,7109096
관리정보처,관재팀,7109088
관리정보처,관재팀,20777986
관리정보처,관재팀,7109737
관리정보처,관재팀,7109085
관리정보처,관재팀,7109202
관리정보처,관재팀,20777139
관리정보처,관재팀,20777138
관리정보처,관재팀,7109979
관리정보처,관재팀,7109911
관리정보처,관재팀,7109198
관리정보처,관재팀,7109240
관리정보처,관재팀,7109171
관리정보처,정보통신팀,7109085
관리정보처,정보통신팀,7109157
관리정보처,정보통신팀,7109526
관리정보처,정보통신팀,7109500
관리정보처,정보통신팀,20777890
관리정보처,정보통신팀,20777891
관리정보처,정보통신팀,20777892
관리정보처,정보통신팀,20777893
대외협력처,대외협력처,7109281
대외협력처,발전협력팀,7109078
대외협력처,발전협력팀,7109271
대외협력처,발전협력팀,7109272
대외협력처,발전협력팀,7109273
대외협력처,발전협력팀,7109612
대외협력처,발전협력팀,7109613
대외협력처,발전협력팀,7109369
대외협력처,발전협력팀,7109271
대외협력처,발전협력팀,20777018
대외협력처,발전협력팀,20777510
대외협력처,발전협력팀,20777511
대외협력처,발전협력팀,20777522
대외협력처,홍보팀,7109068
대외협력처,홍보팀,7109065
대외협력처,홍보팀,7109066
대외협력처,홍보팀,7109067
대외협력처,홍보팀,7109668
대외협력처,홍보팀,20777804
대외협력처,국제협력센터,7109281
대외협력처,국제협력센터,20777935
대외협력처,국제협력센터,7109284
대외협력처,국제협력센터,7109817
대외협력처,국제협력센터,7109928
대외협력처,국제협력센터,7109813
대외협력처,국제협력센터,7109072
대외협력처,국제협력센터,7109801
대외협력처,국제협력센터,7109385
대외협력처,국제협력센터,20777936
대외협력처,국제협력센터,20777426
대외협력처,국제협력센터,7109256
대외협력처,국제협력센터,20777132
